{"cameraMode":{"drawMode":0,"name":"Shaded","section":"Shading Mode"},"sceneLighting":true,"audioPlay":false,"sceneViewState":{"m_AlwaysRefresh":false,"showFog":true,"showSkybox":true,"showFlares":true,"showImageEffects":true,"showParticleSystems":true,"showVisualEffectGraphs":true,"m_FxEnabled":true},"in2DMode":false,"pivot":{"x":3.135781764984131,"y":0.5011175870895386,"z":-0.6095649600028992},"rotation":{"x":-0.24653063714504243,"y":0.0398167185485363,"z":-0.010135377757251263,"w":-0.9682822823524475},"size":2.0568642616271974,"orthographic":false}